Asset,Weight
AAPL,0.21901189088195122
GOOGL,0.28098810912143446
MSFT,0.4999999999966143
